{
  "comprehensive_results": [
    {
      "num_items": 450,
      "standard_result": {
        "success": true,
        "type": "standard",
        "num_items": 450,
        "successful_proofs": 270,
        "total_time": 13.03043334999893,
        "compile_time": 0.01097107399982633,
        "setup_time": 0.034363796999969054,
        "avg_proof_time": 0.9014390133045338,
        "avg_verify_time": 0.010638787128307202,
        "total_proof_size_kb": 224.912109375,
        "avg_proof_size_kb": 0.8330078125,
        "throughput": 20.720722998826602,
        "container_constrained": true,
        "comprehensive_metrics": true,
        "memory_metrics": {
          "max_memory_mb": 1594.78515625,
          "avg_memory_mb": 1583.448330965909,
          "memory_efficiency": 0.992891315021549
        },
        "cpu_metrics": {
          "max_cpu_percent": 13.6,
          "avg_cpu_percent": 8.163636363636364,
          "cpu_efficiency": 0.08163636363636365
        },
        "network_metrics": {
          "total_network_kb": 0.48828125,
          "network_throughput_kbps": 0.03747237232137334
        },
        "energy_metrics": {
          "total_energy_wh": 0.013118267565962818,
          "avg_power_w": 3.624266512784091,
          "energy_efficiency": 0.001006740697995581
        },
        "cost_metrics": {
          "cpu_cost_eur": 2.9548810980553133e-07,
          "memory_cost_eur": 2.7985321641463658e-06,
          "energy_cost_eur": 3.2795668914907046e-06,
          "network_cost_eur": 4.6566128730773926e-08,
          "total_cost_eur": 6.420153294173375e-06,
          "cost_per_item": 6.420153294173375e-06
        },
        "iot_config": {
          "name": "Smart Home Hub",
          "memory": "1g",
          "cpu": "1.0",
          "description": "Proven IoT orchestrator configuration"
        }
      },
      "recursive_result": {
        "success": true,
        "type": "recursive",
        "num_items": 450,
        "steps": 90,
        "total_time": 39.01617717899717,
        "setup_time": 0.00012985399735043757,
        "proof_time": 39.006367736001266,
        "verify_time": 2.4939301013946533,
        "proof_size_kb": 69.1484375,
        "throughput": 11.533677375297545,
        "compression_ratio": 5.401423567958423,
        "container_constrained": true,
        "comprehensive_metrics": true,
        "memory_metrics": {
          "max_memory_mb": 1692.2734375,
          "avg_memory_mb": 1623.3126802884615,
          "memory_efficiency": 0.9592496368001767
        },
        "cpu_metrics": {
          "max_cpu_percent": 11.9,
          "avg_cpu_percent": 6.9984615384615365,
          "cpu_efficiency": 0.06998461538461537
        },
        "network_metrics": {
          "total_network_kb": 0.748046875,
          "network_throughput_kbps": 0.019172736261887844
        },
        "energy_metrics": {
          "total_energy_wh": 0.039648076551629656,
          "avg_power_w": 3.6583049879807685,
          "energy_efficiency": 0.0010161958299946578
        },
        "cost_metrics": {
          "cpu_cost_eur": 7.584811537917012e-07,
          "memory_cost_eur": 8.59042089179788e-06,
          "energy_cost_eur": 9.912019137907414e-06,
          "network_cost_eur": 7.133930921554566e-08,
          "total_cost_eur": 1.933226049271254e-05,
          "cost_per_item": 1.933226049271254e-05
        },
        "iot_config": {
          "name": "Smart Home Hub",
          "memory": "1g",
          "cpu": "1.0",
          "description": "Proven IoT orchestrator configuration"
        }
      },
      "comparison": {
        "time_ratio": 2.99423481407089,
        "cost_ratio": 3.0111836286304214,
        "energy_ratio": 3.0223561420947185,
        "time_winner": "Standard",
        "cost_winner": "Standard",
        "energy_winner": "Standard",
        "overall_winner": "Standard",
        "overall_score_recursive": 0.33241374274370145,
        "overall_score_standard": 1.0,
        "crossover_achieved": {
          "time": false,
          "cost": false,
          "energy": false,
          "overall": false
        }
      }
    },
    {
      "num_items": 500,
      "standard_result": {
        "success": true,
        "type": "standard",
        "num_items": 500,
        "successful_proofs": 270,
        "total_time": 13.048736587999883,
        "compile_time": 0.012279222999495687,
        "setup_time": 0.03504508299738518,
        "avg_proof_time": 0.6098826832241482,
        "avg_verify_time": 0.010663175582885742,
        "total_proof_size_kb": 224.912109375,
        "avg_proof_size_kb": 0.8330078125,
        "throughput": 20.691658397664515,
        "container_constrained": true,
        "comprehensive_metrics": true,
        "memory_metrics": {
          "max_memory_mb": 1596.3671875,
          "avg_memory_mb": 1585.2807173295455,
          "memory_efficiency": 0.9930551878933214
        },
        "cpu_metrics": {
          "max_cpu_percent": 11.6,
          "avg_cpu_percent": 8.445454545454545,
          "cpu_efficiency": 0.08445454545454545
        },
        "network_metrics": {
          "total_network_kb": 0.615234375,
          "network_throughput_kbps": 0.04714896119259492
        },
        "energy_metrics": {
          "total_energy_wh": 0.013148443398087867,
          "avg_power_w": 3.6275079900568183,
          "energy_efficiency": 0.0010076411083491162
        },
        "cost_metrics": {
          "cpu_cost_eur": 3.06118088137674e-07,
          "memory_cost_eur": 2.8057061765501225e-06,
          "energy_cost_eur": 3.287110849521967e-06,
          "network_cost_eur": 5.8673322200775146e-08,
          "total_cost_eur": 6.4576084364105386e-06,
          "cost_per_item": 6.4576084364105386e-06
        },
        "iot_config": {
          "name": "Smart Home Hub",
          "memory": "1g",
          "cpu": "1.0",
          "description": "Proven IoT orchestrator configuration"
        }
      },
      "recursive_result": {
        "success": true,
        "type": "recursive",
        "num_items": 500,
        "steps": 90,
        "total_time": 39.181840787998226,
        "setup_time": 0.00014625699986936525,
        "proof_time": 39.17456565300017,
        "verify_time": 2.1975669860839844,
        "proof_size_kb": 69.109375,
        "throughput": 12.761013519128861,
        "compression_ratio": 6.004973999547818,
        "container_constrained": true,
        "comprehensive_metrics": true,
        "memory_metrics": {
          "max_memory_mb": 1682.08984375,
          "avg_memory_mb": 1632.8826923076922,
          "memory_efficiency": 0.9707464190303849
        },
        "cpu_metrics": {
          "max_cpu_percent": 11.2,
          "avg_cpu_percent": 7.104615384615382,
          "cpu_efficiency": 0.07104615384615381
        },
        "network_metrics": {
          "total_network_kb": 0.751953125,
          "network_throughput_kbps": 0.019191367987752388
        },
        "energy_metrics": {
          "total_energy_wh": 0.039926358554381716,
          "avg_power_w": 3.6684057692307697,
          "energy_efficiency": 0.0010190016025641026
        },
        "cost_metrics": {
          "cpu_cost_eur": 7.732553023887852e-07,
          "memory_cost_eur": 8.677754676035956e-06,
          "energy_cost_eur": 9.98158963859543e-06,
          "network_cost_eur": 7.171183824539185e-08,
          "total_cost_eur": 1.9504311455265565e-05,
          "cost_per_item": 1.9504311455265565e-05
        },
        "iot_config": {
          "name": "Smart Home Hub",
          "memory": "1g",
          "cpu": "1.0",
          "description": "Proven IoT orchestrator configuration"
        }
      },
      "comparison": {
        "time_ratio": 3.0027306110256946,
        "cost_ratio": 3.020361430602168,
        "energy_ratio": 3.036584434031793,
        "time_winner": "Standard",
        "cost_winner": "Standard",
        "energy_winner": "Standard",
        "overall_winner": "Standard",
        "overall_score_recursive": 0.33131563830384936,