{
  "extended_crossover_results": [
    {
      "num_items": 130,
      "standard_result": {
        "success": true,
        "type": "standard",
        "num_items": 130,
        "successful_proofs": 130,
        "total_time": 18.75513098800002,
        "compile_time": 0.010802659002365544,
        "setup_time": 0.03367959500246798,
        "total_proof_size_kb": 108.291015625,
        "avg_proof_size_kb": 0.8330078125,
        "throughput": 6.931436527059027,
        "max_memory_mb": 68.33984375,
        "container_constrained": true,
        "iot_config": {
          "name": "Smart Home Hub",
          "memory": "1g",
          "cpu": "1.0",
          "description": "Proven IoT orchestrator configuration"
        }
      },
      "recursive_result": {
        "success": true,
        "type": "recursive",
        "num_items": 130,
        "steps": 44,
        "total_time": 30.75381159400058,
        "setup_time": 6.072599717299454e-05,
        "proof_time": 26.23108595099984,
        "verify_time": 2.5488014221191406,
        "proof_size_kb": 69.134765625,
        "throughput": 4.227118307031583,
        "max_memory_mb": 67.78515625,
        "compression_ratio": 1.5607198350142666,
        "container_constrained": true,
        "iot_config": {
          "name": "Smart Home Hub",
          "memory": "1g",
          "cpu": "1.0",
          "description": "Proven IoT orchestrator configuration"
        }
      },
      "comparison": {
        "ratio": 1.639754561761131,
        "winner": "Standard",
        "recursive_wins": false,
        "advantage_percent": 63.97545617611311,
        "time_difference": 11.998680606000562,
        "throughput_ratio": 0.6098473657703863,
        "memory_ratio": 0.9918833952557874
      }
    },
    {
      "num_items": 140,
      "standard_result": {
        "success": true,
        "type": "standard",
        "num_items": 140,
        "successful_proofs": 140,
        "total_time": 20.168243389001873,
        "compile_time": 0.011087481998401927,
        "setup_time": 0.03403931899811141,
        "total_proof_size_kb": 116.62109375,
        "avg_proof_size_kb": 0.8330078125,
        "throughput": 6.941606033787983,
        "max_memory_mb": 67.90625,
        "container_constrained": true,
        "iot_config": {
          "name": "Smart Home Hub",
          "memory": "1g",
          "cpu": "1.0",
          "description": "Proven IoT orchestrator configuration"
        }
      },
      "recursive_result": {
        "success": true,
        "type": "recursive",
        "num_items": 140,
        "steps": 47,
        "total_time": 31.78750555700026,
        "setup_time": 6.549699901370332e-05,
        "proof_time": 26.96392571799879,
        "verify_time": 2.486164093017578,
        "proof_size_kb": 69.11328125,
        "throughput": 4.404246182480624,
        "max_memory_mb": 68.26171875,
        "compression_ratio": 1.6812976883513253,
        "container_constrained": true,
        "iot_config": {
          "name": "Smart Home Hub",
          "memory": "1g",
          "cpu": "1.0",
          "description": "Proven IoT orchestrator configuration"
        }
      },
      "comparison": {
        "ratio": 1.5761167169538717,
        "winner": "Standard",
        "recursive_wins": false,
        "advantage_percent": 57.611671695387166,
        "time_difference": 11.619262167998386,
        "throughput_ratio": 0.6344707782382256,
        "memory_ratio": 1.0052346985734009
      }
    },
    {
      "num_items": 150,
      "standard_result": {
        "success": true,
        "type": "standard",
        "num_items": 150,
        "successful_proofs": 150,
        "total_time": 21.56891572799941,
        "compile_time": 0.010851849998289254,
        "setup_time": 0.03459624300012365,
        "total_proof_size_kb": 124.951171875,
        "avg_proof_size_kb": 0.8330078125,
        "throughput": 6.9544525043175645,
        "max_memory_mb": 68.3671875,
        "container_constrained": true,
        "iot_config": {
          "name": "Smart Home Hub",
          "memory": "1g",
          "cpu": "1.0",
          "description": "Proven IoT orchestrator configuration"
        }
      },
      "recursive_result": {
        "success": true,
        "type": "recursive",
        "num_items": 150,
        "steps": 50,
        "total_time": 32.901967277997755,
        "setup_time": 0.00011667100261547603,
        "proof_time": 27.77687442699971,
        "verify_time": 2.4866366386413574,
        "proof_size_kb": 69.1435546875,
        "throughput": 4.558997908319853,
        "max_memory_mb": 68.5078125,
        "compression_ratio": 1.8006016694207874,
        "container_constrained": true,
        "iot_config": {
          "name": "Smart Home Hub",
          "memory": "1g",
          "cpu": "1.0",
          "description": "Proven IoT orchestrator configuration"
        }
      },
      "comparison": {
        "ratio": 1.5254344582229735,
        "winner": "Standard",
        "recursive_wins": false,
        "advantage_percent": 52.54344582229735,
        "time_difference": 11.333051549998345,
        "throughput_ratio": 0.6555509445911766,
        "memory_ratio": 1.0020569077819679
      }
    },
    {
      "num_items": 160,
      "standard_result": {
        "success": true,
        "type": "standard",
        "num_items": 160,
        "successful_proofs": 160,
        "total_time": 24.211385774997325,
        "compile_time": 0.012006373999611242,
        "setup_time": 0.03897934699853067,
        "total_proof_size_kb": 133.28125,
        "avg_proof_size_kb": 0.8330078125,
        "throughput": 6.608461055757874,
        "max_memory_mb": 68.421875,
        "container_constrained": true,
        "iot_config": {
          "name": "Smart Home Hub",
          "memory": "1g",
          "cpu": "1.0",
          "description": "Proven IoT orchestrator configuration"
        }
      },
      "recursive_result": {
        "success": true,
        "type": "recursive",
        "num_items": 160,
        "steps": 54,
        "total_time": 34.58112013999926,
        "setup_time": 8.728199827601202e-05,
        "proof_time": 28.801281858999573,
        "verify_time": 2.5276787281036377,
        "proof_size_kb": 69.0947265625,
        "throughput": 4.626802120702023,
        "max_memory_mb": 68.26953125,
        "compression_ratio": 1.9219990671773632,
        "container_constrained": true,
        "iot_config": {
          "name": "Smart Home Hub",
          "memory": "1g",
          "cpu": "1.0",
          "description": "Proven IoT orchestrator configuration"
        }
      },
      "comparison": {
        "ratio": 1.4282999106854337,
        "winner": "Standard",
        "recursive_wins": false,
        "advantage_percent": 42.82999106854337,
        "time_difference": 10.369734365001932,
        "throughput_ratio": 0.7001330690555776,
        "memory_ratio": 0.9977734642612469
      }
    },
    {
      "num_items": 170,
      "standard_result": {
        "success": true,
        "type": "standard",
        "num_items": 170,
        "successful_proofs": 170,
        "total_time": 24.44708553899909,
        "compile_time": 0.010362412998802029,
        "setup_time": 0.03416131700214464,
        "total_proof_size_kb": 141.611328125,
        "avg_proof_size_kb": 0.8330078125,
        "throughput": 6.953794133407369,
        "max_memory_mb": 68.3515625,
        "container_constrained": true,
        "iot_config": {
          "name": "Smart Home Hub",
          "memory": "1g",
          "cpu": "1.0",
          "description": "Proven IoT orchestrator configuration"
        }
      },
      "recursive_result": {
        "success": true,
        "type": "recursive",
        "num_items": 170,
        "steps": 57,
        "total_time": 35.494753558999946,
        "setup_time": 0.00015011400319053791,
        "proof_time": 29.666877389998263,
        "verify_time": 2.4721004962921143,
        "proof_size_kb": 69.0966796875,