{
  "quick_crossover_results": [
    {
      "num_items": 88,
      "standard_time": 12.734561944998859,
      "recursive_time": 25.289765434998117,
      "ratio": 1.9859156164323313,
      "winner": "Standard",
      "recursive_wins": false,
      "advantage_percent": 98.59156164323312,
      "standard_proof_size_kb": 73.3046875,
      "recursive_proof_size_kb": 69.12890625,
      "standard_memory_mb": 68.12890625,
      "recursive_memory_mb": 67.87109375,
      "iot_constrained": true
    },
    {
      "num_items": 90,
      "standard_time": 13.145465003999561,
      "recursive_time": 25.187700620001124,
      "ratio": 1.9160752862175408,
      "winner": "Standard",
      "recursive_wins": false,
      "advantage_percent": 91.60752862175407,
      "standard_proof_size_kb": 74.970703125,
      "recursive_proof_size_kb": 69.1865234375,
      "standard_memory_mb": 67.87890625,
      "recursive_memory_mb": 67.75390625,
      "iot_constrained": true
    },
    {
      "num_items": 95,
      "standard_time": 13.730441956002323,
      "recursive_time": 25.96001332800006,
      "ratio": 1.890690293232078,
      "winner": "Standard",
      "recursive_wins": false,
      "advantage_percent": 89.06902932320779,
      "standard_proof_size_kb": 79.1357421875,
      "recursive_proof_size_kb": 69.1357421875,
      "standard_memory_mb": 68.19921875,
      "recursive_memory_mb": 67.75390625,
      "iot_constrained": true
    },
    {
      "num_items": 97,
      "standard_time": 14.02925716000027,
      "recursive_time": 26.393166092002502,
      "ratio": 1.881294625295898,
      "winner": "Standard",
      "recursive_wins": false,
      "advantage_percent": 88.1294625295898,
      "standard_proof_size_kb": 80.8017578125,
      "recursive_proof_size_kb": 69.1220703125,
      "standard_memory_mb": 67.99609375,
      "recursive_memory_mb": 68.171875,
      "iot_constrained": true
    }
  ],
  "crossover_point": null,
  "test_timestamp": 1756680578.1100655,
  "iot_configuration": "Smart Home Hub (1GB RAM, 1 CPU)",
  "test_points": [
    88,
    90,
    95,
    97
  ],
  "methodology": "Quick Docker test using working approach"
}