{
  "C_proof_time_per_item": 0.009555614482589632,
  "C_storage_proof_bytes": 783.0,
  "C_verify_time_per_proof": 0.024879270129733615,
  "C_setup_time": 0.07131552696228027,
  "C_fold_time_per_level": 0.0,
  "C_const_time": 0.01,
  "final_recursive_proof_bytes": 520.0,
  "n_items": 171.0,
  "n_proofs": 18.0,
  "batch_size": 10.0
}