{
  "1_day": {
    "1_hour": {
      "readings_per_batch": 60,
      "num_batches": 408,
      "total_readings": 24480,
      "standard_snark": {
        "total_time": 6.389617919921875e-05,
        "proof_generation_time": 65.27999999999932,
        "total_proof_size": 319464,
        "peak_memory_mb": 31.2,
        "proofs_generated": 408,
        "throughput": 375.0000000000039,
        "avg_proof_time": 0.15999999999999834
      },
      "recursive_snark": {
        "total_time": 4.291534423828125e-05,
        "proof_generation_time": 65.58056335871953,
        "individual_proof_time": 65.27999999999932,
        "recursive_composition_time": 0.3005633587202081,
        "total_proof_size": 2048,
        "peak_memory_mb": 50.6,
        "proofs_generated": 1,
        "individual_proofs": 408,
        "throughput": 373.2813313313077,
        "compression_ratio": 155.98828125
      },
      "efficiency_ratio": {
        "time_efficiency": 0.9954168835501433,
        "size_efficiency": 155.98828125,
        "memory_efficiency": 0.616600790513834,
        "throughput_efficiency": 0.9954168835501435,
        "overall_efficiency": 52.6597050057001
      }
    },
    "4_hour": {
      "readings_per_batch": 240,
      "num_batches": 102,
      "total_readings": 24480,
      "standard_snark": {
        "total_time": 1.71661376953125e-05,
        "proof_generation_time": 34.680000000000014,
        "total_proof_size": 79866,
        "peak_memory_mb": 34.8,
        "proofs_generated": 102,
        "throughput": 705.8823529411762,
        "avg_proof_time": 0.34000000000000014
      },
      "recursive_snark": {
        "total_time": 1.0013580322265625e-05,
        "proof_generation_time": 34.911248640664226,
        "individual_proof_time": 34.680000000000014,
        "recursive_composition_time": 0.23124864066421355,
        "total_proof_size": 2048,
        "peak_memory_mb": 52.4,
        "proofs_generated": 1,
        "individual_proofs": 102,
        "throughput": 701.206658403102,
        "compression_ratio": 38.9970703125
      },
      "efficiency_ratio": {
        "time_efficiency": 0.993376099404395,
        "size_efficiency": 38.9970703125,
        "memory_efficiency": 0.6641221374045801,
        "throughput_efficiency": 0.9933760994043948,
        "overall_efficiency": 13.661274170436263
      }
    },
    "12_hour": {
      "readings_per_batch": 720,
      "num_batches": 34,
      "total_readings": 24480,
      "standard_snark": {
        "total_time": 6.9141387939453125e-06,
        "proof_generation_time": 27.880000000000006,
        "total_proof_size": 26622,
        "peak_memory_mb": 44.4,
        "proofs_generated": 34,
        "throughput": 878.0487804878047,
        "avg_proof_time": 0.8200000000000002
      },
      "recursive_snark": {
        "total_time": 6.9141387939453125e-06,
        "proof_generation_time": 28.056318026230816,
        "individual_proof_time": 27.880000000000006,
        "recursive_composition_time": 0.17631802623080808,
        "total_proof_size": 2048,
        "peak_memory_mb": 57.2,
        "proofs_generated": 1,
        "individual_proofs": 34,
        "throughput": 872.5307425269705,
        "compression_ratio": 12.9990234375
      },
      "efficiency_ratio": {
        "time_efficiency": 0.9937155678779388,
        "size_efficiency": 12.9990234375,
        "memory_efficiency": 0.7762237762237761,
        "throughput_efficiency": 0.9937155678779388,
        "overall_efficiency": 4.995484857751959
      }
    },
    "full_day": {
      "readings_per_batch": 1440,
      "num_batches": 17,
      "total_readings": 24480,
      "standard_snark": {
        "total_time": 4.0531158447265625e-06,
        "proof_generation_time": 26.179999999999993,
        "total_proof_size": 13311,
        "peak_memory_mb": 58.8,
        "proofs_generated": 17,
        "throughput": 935.0649350649353,
        "avg_proof_time": 1.5399999999999996
      },
      "recursive_snark": {
        "total_time": 5.9604644775390625e-06,
        "proof_generation_time": 26.321660667202803,
        "individual_proof_time": 26.179999999999993,
        "recursive_composition_time": 0.1416606672028108,
        "total_proof_size": 2048,
        "peak_memory_mb": 64.4,
        "proofs_generated": 1,
        "individual_proofs": 17,
        "throughput": 930.032504769065,
        "compression_ratio": 6.49951171875
      },
      "efficiency_ratio": {
        "time_efficiency": 0.9946180953780275,
        "size_efficiency": 6.49951171875,
        "memory_efficiency": 0.9130434782608694,
        "throughput_efficiency": 0.9946180953780276,
        "overall_efficiency": 2.829582636502018
      }
    }
  },
  "1_week": {
    "6_hour": {
      "readings_per_batch": 360,
      "num_batches": 95,
      "total_readings": 34272,
      "standard_snark": {
        "total_time": 1.7404556274414062e-05,
        "proof_generation_time": 43.70000000000006,
        "total_proof_size": 74385,
        "peak_memory_mb": 37.2,
        "proofs_generated": 95,
        "throughput": 784.2562929061775,
        "avg_proof_time": 0.46000000000000063
      },
      "recursive_snark": {
        "total_time": 1.0013580322265625e-05,
        "proof_generation_time": 43.927693844580084,
        "individual_proof_time": 43.70000000000006,
        "recursive_composition_time": 0.22769384458002706,
        "total_proof_size": 2048,
        "peak_memory_mb": 53.6,
        "proofs_generated": 1,
        "individual_proofs": 95,
        "throughput": 780.191196042689,
        "compression_ratio": 36.32080078125
      },
      "efficiency_ratio": {
        "time_efficiency": 0.9948166219381872,
        "size_efficiency": 36.32080078125,
        "memory_efficiency": 0.6940298507462687,
        "throughput_efficiency": 0.9948166219381872,
        "overall_efficiency": 12.770144675042124
      }
    },
    "12_hour": {
      "readings_per_batch": 720,
      "num_batches": 47,
      "total_readings": 34272,
      "standard_snark": {
        "total_time": 8.821487426757812e-06,
        "proof_generation_time": 38.540000000000006,
        "total_proof_size": 36801,
        "peak_memory_mb": 44.4,
        "proofs_generated": 47,
        "throughput": 889.2579138557342,
        "avg_proof_time": 0.8200000000000002
      },
      "recursive_snark": {
        "total_time": 7.62939453125e-06,
        "proof_generation_time": 38.73250738008551,
        "individual_proof_time": 38.540000000000006,
        "recursive_composition_time": 0.19250738008550294,
        "total_proof_size": 2048,
        "peak_memory_mb": 57.2,
        "proofs_generated": 1,
        "individual_proofs": 47,
        "throughput": 884.8381454803801,
        "compression_ratio": 17.96923828125
      },
      "efficiency_ratio": {
        "time_efficiency": 0.9950298239616555,
        "size_efficiency": 17.96923828125,
        "memory_efficiency": 0.7762237762237761,
        "throughput_efficiency": 0.9950298239616555,
        "overall_efficiency": 6.653099309724436
      }
    },
    "1_day": {
      "readings_per_batch": 1440,
      "num_batches": 23,
      "total_readings": 34272,
      "standard_snark": {
        "total_time": 5.4836273193359375e-06,
        "proof_generation_time": 35.41999999999999,
        "total_proof_size": 18009,
        "peak_memory_mb": 58.8,
        "proofs_generated": 23,
        "throughput": 967.5889328063245,
        "avg_proof_time": 1.5399999999999994
      },
      "recursive_snark": {
        "total_time": 6.4373016357421875e-06,
        "proof_generation_time": 35.57677471079644,
        "individual_proof_time": 35.41999999999999,
        "recursive_composition_time": 0.1567747107964575,
        "total_proof_size": 2048,
        "peak_memory_mb": 64.4,
        "proofs_generated": 1,
        "individual_proofs": 23,
        "throughput": 963.3250984271915,
        "compression_ratio": 8.79345703125
      },
      "efficiency_ratio": {
        "time_efficiency": 0.9955933411032654,