{
  "results": [
    {
      "iot_readings": 3,
      "standard": {
        "success": true,
        "proofs_attempted": 3,
        "proofs_successful": 3,
        "witness_time_s": 0.0,
        "prove_time_s": 0.22149117787679037,
        "verify_time_s": 0.03345553080240885,
        "total_time_s": 0.2549467086791992,
        "total_proof_size_bytes": 2559,
        "avg_proof_size_bytes": 853,
        "individual_times": [
          [
            0.0832662582397461,
            0.0834653377532959,
            0.0825033187866211
          ],
          [
            0.08577704429626465,
            0.08443641662597656,
            0.08397436141967773
          ],
          [
            0.08345627784729004,
            0.09113407135009766,
            0.08682703971862793
          ]
        ]
      },
      "nova": {
        "success": true,
        "prove_time_s": 5.478371540705363,
        "compress_time_s": 0.0,
        "verify_time_s": 1.5394736925760906,
        "total_time_s": 7.017845233281453,
        "proof_size_bytes": 1356541
      },
      "nova_steps": 1,
      "baseline": {
        "total_time_s": 6.0717264811197914e-05,
        "artifact_size_bytes": 72
      },
      "time_advantage": 0.03632834583899615,
      "size_advantage": 0.0018864155230103625,
      "winner": "Standard",
      "replications": 3,
      "warmup_runs": 1,
      "std_replicates_total_s": [
        0.24923491477966309,
        0.25418782234191895,
        0.2614173889160156
      ],
      "nova_replicates_total_s": [
        2.204770565032959,
        9.530542612075806,
        9.318222522735596
      ],
      "std_replicates_individual_times": [
        [
          0.0832662582397461,
          0.0834653377532959,
          0.0825033187866211
        ],
        [
          0.08577704429626465,
          0.08443641662597656,
          0.08397436141967773
        ],
        [
          0.08345627784729004,
          0.09113407135009766,
          0.08682703971862793
        ]
      ]
    },
    {
      "iot_readings": 5,
      "standard": {
        "success": true,
        "proofs_attempted": 5,
        "proofs_successful": 5,
        "witness_time_s": 0.0,
        "prove_time_s": 0.37243835131327313,
        "verify_time_s": 0.056791226069132485,
        "total_time_s": 0.4292295773824056,
        "total_proof_size_bytes": 4265,
        "avg_proof_size_bytes": 853,
        "individual_times": [
          [
            0.08495879173278809,
            0.08431673049926758,
            0.08460116386413574,
            0.08454728126525879,
            0.08538317680358887
          ],
          [
            0.08959054946899414,
            0.08595561981201172,
            0.08466196060180664,
            0.08517909049987793,
            0.09117770195007324
          ],
          [
            0.09067177772521973,
            0.08618640899658203,
            0.08409810066223145,
            0.08446264266967773,
            0.08189773559570312
          ]
        ]
      },
      "nova": {
        "success": true,
        "prove_time_s": 5.54501994450887,
        "compress_time_s": 0.0,
        "verify_time_s": 1.521852731704712,
        "total_time_s": 7.066872676213582,
        "proof_size_bytes": 1356554
      },
      "nova_steps": 2,
      "baseline": {
        "total_time_s": 5.95251719156901e-05,
        "artifact_size_bytes": 72
      },
      "time_advantage": 0.06073826387549776,
      "size_advantage": 0.0031439957421525422,
      "winner": "Standard",
      "replications": 3,
      "warmup_runs": 1,
      "std_replicates_total_s": [
        0.42380714416503906,
        0.43656492233276367,
        0.42731666564941406
      ],
      "nova_replicates_total_s": [
        2.333322525024414,
        9.44345736503601,
        9.423838138580322
      ],
      "std_replicates_individual_times": [
        [
          0.08495879173278809,
          0.08431673049926758,
          0.08460116386413574,
          0.08454728126525879,
          0.08538317680358887
        ],
        [
          0.08959054946899414,
          0.08595561981201172,
          0.08466196060180664,
          0.08517909049987793,
          0.09117770195007324
        ],
        [
          0.09067177772521973,
          0.08618640899658203,
          0.08409810066223145,
          0.08446264266967773,
          0.08189773559570312
        ]
      ]
    }
  ]
}