{
  "results": [
    {
      "iot_readings": 10,
      "standard": {
        "success": true,
        "proofs_attempted": 10,
        "proofs_successful": 10,
        "witness_time_s": 0.0,
        "prove_time_s": 0.31759174664815265,
        "verify_time_s": 0.06991767883300781,
        "total_time_s": 0.38750942548116046,
        "total_proof_size_bytes": 8530,
        "avg_proof_size_bytes": 853,
        "individual_times": [
          [
            0.04015088081359863,
            0.03838038444519043,
            0.039163827896118164,
            0.03747391700744629,
            0.037034034729003906,
            0.03821277618408203,
            0.038388967514038086,
            0.03992748260498047,
            0.03780817985534668,
            0.03697991371154785
          ],
          [
            0.039559125900268555,
            0.03877115249633789,
            0.03864693641662598,
            0.036212921142578125,
            0.03681135177612305,
            0.03933596611022949,
            0.03679060935974121,
            0.03814053535461426,
            0.03705430030822754,
            0.038124799728393555
          ],
          [
            0.04119729995727539,
            0.05184507369995117,
            0.0406646728515625,
            0.0380549430847168,
            0.03809976577758789,
            0.03757524490356445,
            0.03732132911682129,
            0.03863072395324707,
            0.03737998008728027,
            0.03879117965698242
          ]
        ]
      },
      "nova": {
        "success": true,
        "prove_time_s": 6.952528476715088,
        "compress_time_s": 0.0,
        "verify_time_s": 2.452617565790812,
        "total_time_s": 9.4051460425059,
        "proof_size_bytes": 70809
      },
      "nova_steps": 4,
      "time_advantage": 0.04120185095795841,
      "size_advantage": 0.12046491265234645,
      "winner": "Standard",
      "replications": 3,
      "warmup_runs": 1,
      "std_replicates_total_s": [
        0.38352036476135254,
        0.37944769859313965,
        0.39956021308898926
      ],
      "nova_replicates_total_s": [
        10.255712747573853,
        10.245663404464722,
        7.714061975479126
      ],
      "std_replicates_individual_times": [
        [
          0.04015088081359863,
          0.03838038444519043,
          0.039163827896118164,
          0.03747391700744629,
          0.037034034729003906,
          0.03821277618408203,
          0.038388967514038086,
          0.03992748260498047,
          0.03780817985534668,
          0.03697991371154785
        ],
        [
          0.039559125900268555,
          0.03877115249633789,
          0.03864693641662598,
          0.036212921142578125,
          0.03681135177612305,
          0.03933596611022949,
          0.03679060935974121,
          0.03814053535461426,
          0.03705430030822754,
          0.038124799728393555
        ],
        [
          0.04119729995727539,
          0.05184507369995117,
          0.0406646728515625,
          0.0380549430847168,
          0.03809976577758789,
          0.03757524490356445,
          0.03732132911682129,
          0.03863072395324707,
          0.03737998008728027,
          0.03879117965698242
        ]
      ]
    },
    {
      "iot_readings": 20,
      "standard": {
        "success": true,
        "proofs_attempted": 20,
        "proofs_successful": 20,
        "witness_time_s": 0.0,
        "prove_time_s": 0.6256357828776041,
        "verify_time_s": 0.13781420389811197,
        "total_time_s": 0.7634499867757162,
        "total_proof_size_bytes": 17060,
        "avg_proof_size_bytes": 853,
        "individual_times": [
          [
            0.03945112228393555,
            0.041146278381347656,
            0.03822970390319824,
            0.03823995590209961,
            0.03837990760803223,
            0.03964424133300781,
            0.041399240493774414,
            0.038223981857299805,
            0.03693795204162598,
            0.04076194763183594,
            0.0372467041015625,
            0.0413668155670166,
            0.03930044174194336,
            0.03637957572937012,
            0.03760266304016113,
            0.03748059272766113,
            0.03620553016662598,
            0.03557467460632324,
            0.03812694549560547,
            0.03757834434509277
          ],
          [
            0.03763079643249512,
            0.03876161575317383,
            0.04061317443847656,
            0.03790998458862305,
            0.03896784782409668,
            0.03716111183166504,
            0.04193472862243652,
            0.03927326202392578,
            0.03597140312194824,
            0.03805971145629883,
            0.03667116165161133,
            0.03730154037475586,
            0.03868436813354492,
            0.037203311920166016,
            0.038245201110839844,
            0.03764677047729492,
            0.039301395416259766,
            0.03698396682739258,
            0.03749418258666992,
            0.036849260330200195
          ],
          [
            0.037398576736450195,
            0.03895258903503418,
            0.0372922420501709,
            0.0365605354309082,
            0.03663825988769531,
            0.03807854652404785,
            0.038842201232910156,
            0.037331342697143555,
            0.03840208053588867,
            0.03795170783996582,
            0.039183855056762695,
            0.038507938385009766,
            0.03739786148071289,
            0.0377049446105957,
            0.03929710388183594,
            0.03672337532043457,
            0.03870081901550293,
            0.03896188735961914,
            0.03674578666687012,
            0.03773689270019531
          ]
        ]
      },
      "nova": {
        "success": true,
        "prove_time_s": 7.179685990015666,
        "compress_time_s": 0.0,
        "verify_time_s": 2.4541741212209067,
        "total_time_s": 9.633860111236572,
        "proof_size_bytes": 70816
      },
      "nova_steps": 7,
      "time_advantage": 0.07924653025480999,
      "size_advantage": 0.24090600994125622,
      "winner": "Standard",
      "replications": 3,
      "warmup_runs": 1,
      "std_replicates_total_s": [
        0.7692766189575195,
        0.762664794921875,
        0.7584085464477539
      ],
      "nova_replicates_total_s": [
        10.48889684677124,
        7.964780330657959,
        10.447903156280518
      ],