{
  "results": [
    {
      "iot_readings": 10,
      "standard": {
        "success": true,
        "proofs_attempted": 10,
        "proofs_successful": 10,
        "witness_time_s": 0.0,
        "prove_time_s": 0.4334845542907715,
        "verify_time_s": 0.07058572769165039,
        "total_time_s": 0.5040702819824219,
        "total_proof_size_bytes": 8530,
        "avg_proof_size_bytes": 853,
        "individual_times": [
          [
            0.0554654598236084,
            0.05009889602661133,
            0.05081534385681152,
            0.04843497276306152,
            0.05220842361450195,
            0.04949593544006348,
            0.04810309410095215,
            0.0456995964050293,
            0.050057411193847656,
            0.05369114875793457
          ]
        ]
      },
      "nova": {
        "success": true,
        "prove_time_s": 4.81665563583374,
        "compress_time_s": 0.0,
        "verify_time_s": 2.468245029449463,
        "total_time_s": 7.284900665283203,
        "proof_size_bytes": 70813
      },
      "nova_steps": 4,
      "time_advantage": 0.06919384424616941,
      "size_advantage": 0.12045810797452446,
      "winner": "Standard",
      "replications": 1,
      "warmup_runs": 0,
      "std_replicates_total_s": [
        0.5040702819824219
      ],
      "nova_replicates_total_s": [
        7.284900665283203
      ],
      "std_replicates_individual_times": [
        [
          0.0554654598236084,
          0.05009889602661133,
          0.05081534385681152,
          0.04843497276306152,
          0.05220842361450195,
          0.04949593544006348,
          0.04810309410095215,
          0.0456995964050293,
          0.050057411193847656,
          0.05369114875793457
        ]
      ]
    },
    {
      "iot_readings": 20,
      "standard": {
        "success": true,
        "proofs_attempted": 20,
        "proofs_successful": 20,
        "witness_time_s": 0.0,
        "prove_time_s": 0.8389832973480225,
        "verify_time_s": 0.1417524814605713,
        "total_time_s": 0.9807357788085938,
        "total_proof_size_bytes": 17060,
        "avg_proof_size_bytes": 853,
        "individual_times": [
          [
            0.04980158805847168,
            0.04655027389526367,
            0.050885677337646484,
            0.049947500228881836,
            0.04936528205871582,
            0.048877716064453125,
            0.047202348709106445,
            0.05063915252685547,
            0.04834628105163574,
            0.04989981651306152,
            0.0462033748626709,
            0.0458528995513916,
            0.049977779388427734,
            0.04789996147155762,
            0.053328514099121094,
            0.051991939544677734,
            0.04877734184265137,
            0.049126625061035156,
            0.0474245548248291,
            0.04863715171813965
          ]
        ]
      },
      "nova": {
        "success": true,
        "prove_time_s": 7.571382999420166,
        "compress_time_s": 0.0,
        "verify_time_s": 2.4832074642181396,
        "total_time_s": 10.054590463638306,
        "proof_size_bytes": 70791
      },
      "nova_steps": 7,
      "time_advantage": 0.09754109651261812,
      "size_advantage": 0.2409910864375415,
      "winner": "Standard",
      "replications": 1,
      "warmup_runs": 0,
      "std_replicates_total_s": [
        0.9807357788085938
      ],
      "nova_replicates_total_s": [
        10.054590463638306
      ],
      "std_replicates_individual_times": [
        [
          0.04980158805847168,
          0.04655027389526367,
          0.050885677337646484,
          0.049947500228881836,
          0.04936528205871582,
          0.048877716064453125,
          0.047202348709106445,
          0.05063915252685547,
          0.04834628105163574,
          0.04989981651306152,
          0.0462033748626709,
          0.0458528995513916,
          0.049977779388427734,
          0.04789996147155762,
          0.053328514099121094,
          0.051991939544677734,
          0.04877734184265137,
          0.049126625061035156,
          0.0474245548248291,
          0.04863715171813965
        ]
      ]
    },
    {
      "iot_readings": 30,
      "standard": {
        "success": true,
        "proofs_attempted": 30,
        "proofs_successful": 30,
        "witness_time_s": 0.0,
        "prove_time_s": 1.2674508094787598,
        "verify_time_s": 0.20981264114379883,
        "total_time_s": 1.4772634506225586,
        "total_proof_size_bytes": 25590,
        "avg_proof_size_bytes": 853,
        "individual_times": [
          [
            0.04976248741149902,
            0.05063271522521973,
            0.0479893684387207,
            0.04459524154663086,
            0.05042076110839844,
            0.05187416076660156,
            0.04899764060974121,
            0.04696965217590332,
            0.04988718032836914,
            0.048653602600097656,
            0.04731559753417969,
            0.05101895332336426,
            0.04849863052368164,
            0.048631906509399414,
            0.05000901222229004,
            0.04901742935180664,
            0.04819130897521973,
            0.04881644248962402,
            0.049468040466308594,
            0.049544334411621094,
            0.047902584075927734,
            0.050598859786987305,
            0.04659104347229004,
            0.05240511894226074,
            0.04848504066467285,
            0.047650814056396484,
            0.04852771759033203,
            0.052387237548828125,
            0.05036497116088867,
            0.05205559730529785
          ]
        ]
      },
      "nova": {
        "success": true,
        "prove_time_s": 7.752176523208618,
        "compress_time_s": 0.0,
        "verify_time_s": 2.455232620239258,
        "total_time_s": 10.207409143447876,
        "proof_size_bytes": 70815
      },
      "nova_steps": 10,
      "time_advantage": 0.14472462403163414,
      "size_advantage": 0.36136411777165856,
      "winner": "Standard",
      "replications": 1,
      "warmup_runs": 0,
      "std_replicates_total_s": [
        1.4772634506225586
      ],
      "nova_replicates_total_s": [
        10.207409143447876
      ],
      "std_replicates_individual_times": [
        [
          0.04976248741149902,
          0.05063271522521973,
          0.0479893684387207,
          0.04459524154663086,
          0.05042076110839844,
          0.05187416076660156,
          0.04899764060974121,
          0.04696965217590332,
          0.04988718032836914,
          0.048653602600097656,
          0.04731559753417969,
          0.05101895332336426,
          0.04849863052368164,
          0.048631906509399414,
          0.05000901222229004,
          0.04901742935180664,
          0.04819130897521973,
          0.04881644248962402,
          0.049468040466308594,
          0.049544334411621094,
          0.047902584075927734,
          0.050598859786987305,
          0.04659104347229004,
          0.05240511894226074,
          0.04848504066467285,
          0.047650814056396484,
          0.04852771759033203,
          0.052387237548828125,
          0.05036497116088867,
          0.05205559730529785
        ]
      ]
    }
  ]
}