{
  "results": [
    {
      "iot_readings": 50,
      "standard": {
        "success": true,
        "proofs_attempted": 50,
        "proofs_successful": 50,
        "witness_time_s": 0.0,
        "prove_time_s": 6.7083234786987305,
        "verify_time_s": 1.4474880695343018,
        "total_time_s": 8.155811548233032,
        "total_proof_size_bytes": 42650,
        "avg_proof_size_bytes": 853,
        "individual_times": [
          [
            0.14829206466674805,
            0.17181849479675293,
            0.16842269897460938,
            0.155256986618042,
            0.15304088592529297,
            0.16507387161254883,
            0.17249298095703125,
            0.1662302017211914,
            0.16477680206298828,
            0.16830897331237793,
            0.16451048851013184,
            0.15161776542663574,
            0.16588759422302246,
            0.16422152519226074,
            0.16759133338928223,
            0.1663651466369629,
            0.16147494316101074,
            0.16656279563903809,
            0.16818547248840332,
            0.16231989860534668,
            0.16521883010864258,
            0.16356539726257324,
            0.15833544731140137,
            0.15865826606750488,
            0.15637636184692383,
            0.15836620330810547,
            0.1676616668701172,
            0.16299104690551758,
            0.16295814514160156,
            0.16631698608398438,
            0.1642894744873047,
            0.16144204139709473,
            0.16711664199829102,
            0.14959502220153809,
            0.16533279418945312,
            0.16802644729614258,
            0.16442537307739258,
            0.16828441619873047,
            0.160736083984375,
            0.16304874420166016,
            0.16238045692443848,
            0.16254925727844238,
            0.16793513298034668,
            0.16519999504089355,
            0.16510462760925293,
            0.15425896644592285,
            0.15783309936523438,
            0.1637420654296875,
            0.17205214500427246,
            0.1595594882965088
          ]
        ]
      },
      "nova": {
        "success": true,
        "prove_time_s": 7.283233642578125,
        "compress_time_s": 0.0,
        "verify_time_s": 2.3181684017181396,
        "total_time_s": 9.601402044296265,
        "proof_size_bytes": 70792
      },
      "nova_steps": 17,
      "time_advantage": 0.8494396454399086,
      "size_advantage": 0.6024692055599503,
      "winner": "Standard",
      "replications": 1,
      "warmup_runs": 1,
      "std_replicates_total_s": [
        8.155811548233032
      ],
      "nova_replicates_total_s": [
        9.601402044296265
      ],
      "std_replicates_individual_times": [
        [
          0.14829206466674805,
          0.17181849479675293,
          0.16842269897460938,
          0.155256986618042,
          0.15304088592529297,
          0.16507387161254883,
          0.17249298095703125,
          0.1662302017211914,
          0.16477680206298828,
          0.16830897331237793,
          0.16451048851013184,
          0.15161776542663574,
          0.16588759422302246,
          0.16422152519226074,
          0.16759133338928223,
          0.1663651466369629,
          0.16147494316101074,
          0.16656279563903809,
          0.16818547248840332,
          0.16231989860534668,
          0.16521883010864258,
          0.16356539726257324,
          0.15833544731140137,
          0.15865826606750488,
          0.15637636184692383,
          0.15836620330810547,
          0.1676616668701172,
          0.16299104690551758,
          0.16295814514160156,
          0.16631698608398438,
          0.1642894744873047,
          0.16144204139709473,
          0.16711664199829102,
          0.14959502220153809,
          0.16533279418945312,
          0.16802644729614258,
          0.16442537307739258,
          0.16828441619873047,
          0.160736083984375,
          0.16304874420166016,
          0.16238045692443848,
          0.16254925727844238,
          0.16793513298034668,
          0.16519999504089355,
          0.16510462760925293,
          0.15425896644592285,
          0.15783309936523438,
          0.1637420654296875,
          0.17205214500427246,
          0.1595594882965088
        ]
      ]
    },
    {
      "iot_readings": 60,
      "standard": {
        "success": true,
        "proofs_attempted": 60,
        "proofs_successful": 60,
        "witness_time_s": 0.0,
        "prove_time_s": 8.015623331069946,
        "verify_time_s": 1.7363533973693848,
        "total_time_s": 9.751976728439331,
        "total_proof_size_bytes": 51180,
        "avg_proof_size_bytes": 853,
        "individual_times": [
          [
            0.17089009284973145,
            0.16197729110717773,
            0.1613621711730957,
            0.15665149688720703,
            0.16298365592956543,
            0.16709566116333008,
            0.1521615982055664,
            0.16843008995056152,
            0.1596076488494873,
            0.16000103950500488,
            0.17147231101989746,
            0.16292071342468262,
            0.15864276885986328,
            0.15538239479064941,
            0.15838885307312012,
            0.17130517959594727,
            0.17275691032409668,
            0.14778852462768555,
            0.16907691955566406,
            0.15250682830810547,
            0.16446399688720703,
            0.15758609771728516,
            0.17051124572753906,
            0.15681934356689453,
            0.16507196426391602,
            0.16068720817565918,
            0.1623694896697998,
            0.1641523838043213,
            0.16077136993408203,
            0.1741199493408203,
            0.15622949600219727,
            0.16057348251342773,
            0.16099119186401367,
            0.1587216854095459,
            0.16787195205688477,
            0.16536498069763184,
            0.16732478141784668,
            0.15784263610839844,
            0.1621556282043457,
            0.16621661186218262,
            0.1665034294128418,
            0.16283321380615234,
            0.16950201988220215,
            0.1537008285522461,
            0.16808104515075684,
            0.15597224235534668,
            0.15675902366638184,
            0.17220187187194824,
            0.1544041633605957,
            0.16820693016052246,
            0.16585946083068848,
            0.16017603874206543,
            0.16228866577148438,
            0.15528655052185059,
            0.16730594635009766,
            0.1638646125793457,
            0.16103410720825195,
            0.16022014617919922,
            0.16790437698364258,
            0.15862441062927246
          ]
        ]
      },
      "nova": {
        "success": true,
        "prove_time_s": 7.525759696960449,
        "compress_time_s": 0.0,
        "verify_time_s": 2.3295915126800537,
        "total_time_s": 9.855351209640503,
        "proof_size_bytes": 70801
      },
      "nova_steps": 20,
      "time_advantage": 0.9895108272650851,
      "size_advantage": 0.7228711458877699,
      "winner": "Standard",
      "replications": 1,
      "warmup_runs": 1,
      "std_replicates_total_s": [
        9.751976728439331
      ],
      "nova_replicates_total_s": [
        9.855351209640503
      ],